User ID,Wealth,Age group,Location
1,1.833100501806734,50 to 64,America
2,2.194996459703016,18 to 34,America
3,2.2161948596439887,18 to 34,Europe
4,0.8386898658383762,50 to 64,Asia Pacific
5,2.1093131536969096,18 to 34,America
6,0.9408582533600027,50 to 64,Europe
7,1.769964309036229,50 to 64,America
8,1.2885575616160365,18 to 34,America
9,3.3023151777154074,18 to 34,Europe
10,1.4337862558642334,18 to 34,America
11,2.314993364350737,18 to 34,Europe
12,1.935601163343883,50 to 64,Europe
13,0.908427466572782,18 to 34,America
14,1.7141584371558871,35 to 49,Europe
15,1.9930410496276059,18 to 34,America
16,2.0295871571538813,35 to 49,Asia Pacific
17,3.0692876053686122,18 to 34,America
18,0.278645958996774,18 to 34,Europe
19,2.1766219550218047,50 to 64,Europe
20,1.2439627959596582,18 to 34,Europe
21,1.8386770080602883,35 to 49,Europe
22,1.914974017235204,35 to 49,Asia Pacific
23,0.6415840953437684,65 and older,America
24,1.8095580053198783,35 to 49,America
25,2.366071852653782,50 to 64,America
26,1.7454525643082441,50 to 64,Europe
27,1.1934352725249247,35 to 49,Europe
28,2.5074890553521563,18 to 34,Europe
29,1.6638148681616656,18 to 34,America
30,1.0189048470665203,35 to 49,America
31,1.452083215349198,35 to 49,Europe
32,0.41520849504962065,18 to 34,America
33,2.6506962540020105,35 to 49,America
34,2.1964280784181387,50 to 64,Europe
35,1.1778818578188663,18 to 34,Africa
36,1.2989848192459692,18 to 34,America
37,2.2780125146738968,18 to 34,America
38,1.750327602922875,35 to 49,Asia Pacific
39,0.12960788448601712,35 to 49,America
40,0.5434290938644353,35 to 49,Europe
41,0.910343592126174,18 to 34,Africa
42,1.5322617286945592,18 to 34,America
43,1.4962366581872608,18 to 34,America
44,0.9835164498858143,35 to 49,America
45,2.418904798056648,35 to 49,Africa
46,3.055983920785949,50 to 64,Africa
47,2.002656144360268,35 to 49,America
48,1.0632756240909917,50 to 64,Europe
49,1.5539237348887518,50 to 64,America
50,1.320250087254501,18 to 34,America
51,2.4084226042160353,18 to 34,America
52,2.7226534956873536,35 to 49,Europe
53,2.1663221902199785,18 to 34,Europe
54,0.2564318148877254,35 to 49,Africa
55,1.8992526718266134,35 to 49,Europe
56,2.7553330601735038,35 to 49,Europe
57,2.6378463680799538,35 to 49,Europe
58,2.729959182433128,35 to 49,America
59,1.4247625259187424,35 to 49,America
60,2.012868179831793,18 to 34,America
61,1.1970896318941224,35 to 49,Europe
62,1.7417025952507084,50 to 64,Europe
63,2.0076257340365222,18 to 34,America
64,2.045915852650681,35 to 49,America
65,1.8689268849733387,35 to 49,Europe
66,2.7662289008557757,35 to 49,Europe
67,1.3259892103350686,65 and older,Africa
68,1.529485255789615,18 to 34,Asia Pacific
69,2.3176280729275263,35 to 49,America
70,1.4974886663680893,35 to 49,America
71,0.8437813562880228,50 to 64,America
72,2.6918061710365158,18 to 34,Asia Pacific
73,0.7325197539300189,18 to 34,America
74,2.4618951776574933,35 to 49,America
75,1.8266940450220448,50 to 64,America
76,1.5364553858853776,35 to 49,Europe
77,2.033029272422985,50 to 64,America
78,1.5316196373868964,18 to 34,America
79,1.3613087979405323,50 to 64,Europe
80,1.7828914843094725,65 and older,Asia Pacific
81,2.0803736618046873,35 to 49,Europe
82,1.8988766271307604,50 to 64,America
83,1.9457269464805178,18 to 34,America
84,0.6878251394765311,18 to 34,America
85,1.9878225911849903,18 to 34,Europe
86,1.8268163396679078,35 to 49,Asia Pacific
87,1.1750837256743298,35 to 49,Europe
88,1.8146220921436846,18 to 34,America
89,1.46606097057934,18 to 34,America
90,1.9755503884433971,18 to 34,America
91,0.8973017478302343,35 to 49,Asia Pacific
92,2.3556640677243017,35 to 49,Asia Pacific
93,1.6656807749918838,18 to 34,America
94,1.657448716436393,65 and older,Asia Pacific
95,2.4079305711990404,50 to 64,America
96,1.3836713947615846,18 to 34,Europe
97,2.9013001124601416,65 and older,Europe
98,1.7901296189519689,35 to 49,America
99,1.7563319934552943,18 to 34,Europe
100,2.695603546761184,35 to 49,Europe
101,2.5927457306575645,18 to 34,Asia Pacific
102,1.6069141166802645,18 to 34,Asia Pacific
103,1.2590121442801983,50 to 64,Africa
104,0.03183953808148621,50 to 64,Europe
105,2.845860271648772,35 to 49,America
106,1.7374119695975816,50 to 64,Asia Pacific
107,1.0618688028309071,35 to 49,America
108,1.694913906254441,35 to 49,Europe
109,1.0818956475444077,50 to 64,Asia Pacific
110,1.1615172637429394,35 to 49,America
111,0.9684584379653004,35 to 49,America
112,1.1324455598206855,35 to 49,Europe
113,1.1350656791314186,18 to 34,America
114,0.9112195573315106,35 to 49,America
115,1.27221272384552,35 to 49,Europe
116,2.3227532425959927,50 to 64,America
117,1.1763967316487225,18 to 34,America
118,2.45376445771222,35 to 49,Asia Pacific
119,0.9774112455931543,50 to 64,America
120,1.2052881903016008,35 to 49,Asia Pacific
121,1.822715663545788,35 to 49,America
122,1.8227158994454298,50 to 64,Europe
123,2.635464072473295,35 to 49,America
124,1.068206827644878,35 to 49,Africa
125,0.8348072918861706,50 to 64,Asia Pacific
126,1.6953986707645405,35 to 49,America
127,2.046742261432473,18 to 34,America
128,1.0730709123254307,35 to 49,America
129,1.5448479950219922,35 to 49,Europe
130,1.5961353755673926,18 to 34,Europe
131,2.2907979296924643,18 to 34,America
132,1.6227410150600903,18 to 34,America
133,1.697237429943904,18 to 34,America
134,0.7731896478303494,18 to 34,America
135,2.0617990913111885,18 to 34,Europe
136,1.010736030603344,18 to 34,Europe
137,0.8753246143897553,50 to 64,America
138,0.765724146496385,35 to 49,America
139,2.619648410499137,18 to 34,Europe
140,1.9838258894245564,35 to 49,Europe
141,2.5150877098374362,35 to 49,Europe
142,2.359960880561924,35 to 49,Europe
143,1.094603710779392,35 to 49,America
144,2.4614585123996138,50 to 64,Asia Pacific
145,2.307488492593842,35 to 49,Asia Pacific
146,2.3574714541037483,35 to 49,Asia Pacific
147,0.7932764285681496,18 to 34,America
148,2.3842520331085266,35 to 49,America
149,1.0772194410316578,65 and older,America
150,1.5875422715653333,18 to 34,America
151,1.1002894019144378,35 to 49,America
152,2.157751976827992,50 to 64,Asia Pacific
153,2.855154077472121,65 and older,Europe
154,0.9238699123773103,50 to 64,Asia Pacific
155,1.4158028549781694,35 to 49,Europe
156,2.075255542093625,35 to 49,Asia Pacific
157,0.6511803491040642,35 to 49,Europe
158,1.1284831968314608,35 to 49,Asia Pacific
159,2.583175919793849,18 to 34,America
160,1.8119101069613388,18 to 34,America
161,1.6460624793260035,18 to 34,America
162,1.3118558706922445,18 to 34,America
163,2.691996249706741,35 to 49,Europe
164,1.7239105148131437,65 and older,America
165,2.723071128199747,50 to 64,America
166,2.7253212637413684,18 to 34,America
167,2.21540653161437,50 to 64,Europe
168,1.7787115124824742,35 to 49,America
169,1.632175911689757,35 to 49,America
170,1.5189824585244802,18 to 34,America
171,2.2960200577618566,50 to 64,Asia Pacific
172,1.385636133715191,50 to 64,Europe
173,2.6009735581396694,35 to 49,America
174,1.3755922904485627,18 to 34,America
175,1.7299720297111254,50 to 64,America
176,1.1262734551065217,50 to 64,Europe
177,0.8005827924619754,35 to 49,Europe
178,1.500540906552489,18 to 34,America
179,0.8259846737357185,35 to 49,Europe
180,1.753653468308211,50 to 64,Europe
181,1.680460669729764,35 to 49,America
182,1.999251114689302,18 to 34,Europe
183,2.169652791503742,18 to 34,America
184,2.6558693052493076,35 to 49,America
185,1.4510429885024605,18 to 34,Europe
186,1.2468745135646713,18 to 34,Europe
187,2.296626341406312,18 to 34,Europe
188,1.5257290132386658,50 to 64,America
189,2.8160123347745514,35 to 49,Europe
190,2.8664067874263144,50 to 64,Europe
191,2.3109544435636034,18 to 34,America
192,0.7005826291342389,65 and older,Asia Pacific
193,1.4833922250581209,35 to 49,Europe
194,1.7827205579265208,18 to 34,Europe
195,1.3175718030260268,50 to 64,America
196,0.44369755506856645,18 to 34,Asia Pacific
197,1.15403699825855,50 to 64,America
198,2.3937105286491414,18 to 34,Asia Pacific
199,1.5192351991533148,18 to 34,America
200,2.31209393795368,65 and older,Asia Pacific
201,2.1909182505467166,50 to 64,America
202,2.3077436994989777,18 to 34,America
203,2.023547578193545,18 to 34,America
204,2.5766942001393653,50 to 64,America
205,1.6899368977472522,18 to 34,Europe
206,1.9276391443721925,18 to 34,America
207,1.1920567210719262,65 and older,America
208,1.6699842309690693,35 to 49,America
209,2.348591998163911,18 to 34,Asia Pacific
210,2.1956777988439278,35 to 49,America
211,0.3963968027965148,35 to 49,America
212,1.092501632587145,18 to 34,America
213,1.7169525792760374,18 to 34,America
214,0.5666833336242958,18 to 34,Europe
215,1.4180540216929485,35 to 49,America
216,1.8897407842607032,50 to 64,America
217,1.6649195062076902,35 to 49,Europe
218,1.321285542110352,18 to 34,Europe
219,2.8803872435746696,50 to 64,Asia Pacific
220,1.514378764881909,35 to 49,America
221,2.3604851438605805,18 to 34,Africa
222,1.8656256270921985,35 to 49,Europe
223,2.4321186719021215,35 to 49,America
224,1.575308449772986,65 and older,Asia Pacific
225,0.6687417787101935,50 to 64,America
226,1.5414829161311148,65 and older,America
227,1.296916455753482,18 to 34,Europe
228,2.70386272102302,18 to 34,Asia Pacific
229,2.3594184104126796,18 to 34,America
230,1.1600722810540445,18 to 34,Europe
231,1.9050820267712625,50 to 64,America
232,1.5522636711816113,50 to 64,Europe
233,2.550833422265483,35 to 49,Africa
234,1.2331690406405935,50 to 64,Asia Pacific
235,0.34865256647522647,35 to 49,America
236,1.8842699381465207,35 to 49,Asia Pacific
237,1.9492675006355376,18 to 34,Asia Pacific
238,1.792990662007336,35 to 49,America
239,0.7181658883791104,50 to 64,Europe
240,1.3171725268674301,50 to 64,Europe
241,0.9785128182400539,18 to 34,Europe
242,1.3527216840111103,18 to 34,Europe
243,1.8859379536474028,35 to 49,Europe
244,2.0277403549658515,50 to 64,Africa
245,2.114756118570477,18 to 34,Europe
246,2.260534526949982,18 to 34,America
247,0.9339844526399713,18 to 34,Europe
248,2.196244144590966,35 to 49,Europe
249,1.7883366612735936,35 to 49,Asia Pacific
250,2.044511607750646,18 to 34,Asia Pacific
251,1.2118697728755894,18 to 34,America
252,1.593769797246863,35 to 49,Europe
253,1.8350859015872167,35 to 49,Asia Pacific
254,1.5877560285321037,50 to 64,America
255,2.331741775162569,35 to 49,Europe
256,1.6794525883681721,18 to 34,Asia Pacific
257,1.1060585672891108,35 to 49,Europe
258,2.225344337211214,35 to 49,Europe
259,1.284244759171651,18 to 34,Europe
260,2.070516533129478,50 to 64,Asia Pacific
261,1.3520771667136757,35 to 49,Europe
262,2.637510870302311,50 to 64,Europe
263,2.6329591270551655,35 to 49,Asia Pacific
264,0.8196632152862892,35 to 49,America
265,1.9804404641026583,35 to 49,America
266,0.7304705390302254,18 to 34,Europe
267,1.720597802950814,18 to 34,America
268,1.1079638658486384,35 to 49,Europe
269,1.7794255923145006,18 to 34,Europe
270,2.0907003133910074,18 to 34,Asia Pacific
271,1.6581832093781506,35 to 49,America
272,1.6915381689534472,35 to 49,Europe
273,1.5527479338891177,18 to 34,America
274,1.678640557039588,35 to 49,Asia Pacific
275,1.6593175441527472,18 to 34,Asia Pacific
276,1.6727258195089452,50 to 64,Europe
277,2.130196834406928,18 to 34,America
278,1.8173237157492386,50 to 64,Asia Pacific
279,1.5267772292304331,35 to 49,Europe
280,1.9533128593961786,50 to 64,Europe
281,1.473827165808257,35 to 49,America
282,1.5362152068429002,50 to 64,America
283,1.068445774572536,18 to 34,America
284,1.8384491470036952,35 to 49,Asia Pacific
285,2.5917416118945784,18 to 34,Asia Pacific
286,1.4197193091737366,50 to 64,Europe
287,1.7438602445405889,18 to 34,Europe
288,3.218541306652512,35 to 49,Europe
289,2.3853100404940375,35 to 49,America
290,1.0043167973309988,50 to 64,Europe
291,2.602221001879335,35 to 49,America
292,1.4396345453008244,18 to 34,America
293,2.5429435862728633,35 to 49,America
294,1.5035237103405241,50 to 64,America
295,0.8132835521279411,18 to 34,Europe
296,0.9509586747718016,35 to 49,America
297,1.7507925590695879,50 to 64,Europe
298,1.231136891484545,18 to 34,Asia Pacific
299,1.2989831140012913,35 to 49,America
300,2.277767127619246,18 to 34,Europe
301,1.8103016087397032,18 to 34,America
302,1.9000786485276806,18 to 34,Europe
303,0.8418105018209351,18 to 34,America
304,2.350817092894588,18 to 34,Asia Pacific
305,1.4492947781856687,18 to 34,America
306,2.106081661277865,35 to 49,Asia Pacific
307,1.7940235120875476,18 to 34,America
308,2.3252002768921725,18 to 34,America
309,1.5758245287569166,35 to 49,Europe
310,1.725359614623881,35 to 49,Europe
311,1.4874760042803787,18 to 34,America
312,1.1096076610136187,35 to 49,America
313,1.5112664881585447,50 to 64,America
314,1.380093506442596,18 to 34,Europe
315,1.4331931406087028,35 to 49,America
316,1.1258143202968358,35 to 49,America
317,1.7877587536755841,35 to 49,Asia Pacific
318,0.755569941445986,50 to 64,Europe
319,1.1572142364621771,35 to 49,America
320,1.3403254315147768,18 to 34,Europe
321,2.1656695519821865,65 and older,Europe
322,3.3114911766395787,35 to 49,America
323,1.2199236989410815,18 to 34,America
324,1.0764119128906566,50 to 64,America
325,2.7502391959740007,50 to 64,Europe
326,0.29392877689851415,50 to 64,America
327,1.8650124973803857,50 to 64,America
328,1.1917410275909663,35 to 49,America
329,2.310049355010831,18 to 34,America
330,1.226000657938068,35 to 49,Asia Pacific
331,1.970118433398074,35 to 49,America
332,0.8898231302320109,35 to 49,Asia Pacific
333,2.4684731863491476,35 to 49,Europe
334,1.8921478352528909,18 to 34,America
335,1.3837493437224055,35 to 49,America
336,1.0369782728338106,35 to 49,America
337,0.7595013824071002,18 to 34,America
338,0.3669440668015864,18 to 34,Asia Pacific
339,2.680432159273459,18 to 34,America
340,0.675369764879806,18 to 34,Europe
341,2.064754549773801,18 to 34,Europe
342,0.0,50 to 64,America
343,1.390105225234659,35 to 49,Asia Pacific
344,1.8936744250069986,35 to 49,America
345,1.5767523091605242,50 to 64,America
346,1.7514745918901478,65 and older,America
347,1.5393878437329,18 to 34,America
348,0.6193017389241273,50 to 64,Europe
349,2.1335144587766464,18 to 34,America
350,0.24350735354427555,35 to 49,America
351,2.603519908508737,50 to 64,Europe
352,2.234312375400674,18 to 34,Europe
353,1.7567625281454542,50 to 64,America
354,1.9468989348411352,35 to 49,America
355,2.1743415877997183,50 to 64,America
356,1.082272802729637,18 to 34,America
357,1.842981092424098,35 to 49,America
358,1.5332370339413641,50 to 64,America
359,1.747018276263948,35 to 49,Europe
360,1.844139959988076,18 to 34,America
361,2.4094797473292973,18 to 34,Europe
362,1.7912758452401152,35 to 49,Europe
363,1.5649198446812793,18 to 34,America
364,1.7509256159885718,35 to 49,Africa
365,2.5551995690218314,50 to 64,Europe
366,1.0493826171292535,18 to 34,Europe
367,1.690376126307056,18 to 34,Asia Pacific
368,1.8667814905582862,35 to 49,Europe
369,1.540535793465712,50 to 64,Europe
370,2.6063458862341498,50 to 64,Europe
371,1.3295844044692955,18 to 34,Europe
372,1.6951753702260097,18 to 34,Europe
373,0.7912419335339964,35 to 49,Europe
374,0.2994134920423135,18 to 34,Asia Pacific
375,2.78503751453355,35 to 49,Europe
376,1.031624971820615,18 to 34,Europe
377,1.0133407019081544,65 and older,Europe
378,1.3786645430905335,18 to 34,Europe
379,2.274355857544228,18 to 34,Europe
380,2.082045202978439,18 to 34,America
381,2.080716699354664,50 to 64,Europe
382,1.8049728810016008,18 to 34,America
383,2.051590188188929,35 to 49,Europe
384,2.292638371644693,35 to 49,America
385,1.3499834918393132,50 to 64,America
386,1.3351430001311684,18 to 34,America
387,2.518238937097813,35 to 49,Europe
388,0.7525299396109373,18 to 34,Europe
389,2.4845443149382778,35 to 49,Europe
390,1.9044330873956212,18 to 34,Europe
391,3.069084964146752,35 to 49,Europe
392,0.8825947383539791,18 to 34,Europe
393,1.1805448642698202,35 to 49,Europe
394,1.3265264074294694,35 to 49,America
395,1.9256420683273237,18 to 34,Europe
396,2.0139182477143827,35 to 49,Europe
397,1.1411922986848428,18 to 34,America
398,2.6131575611647855,35 to 49,Europe
399,1.3799129115219442,18 to 34,Europe
400,1.409600841627706,35 to 49,America
401,2.0667810419993202,18 to 34,Europe
402,1.060557168808571,35 to 49,Africa
403,0.664122938909723,50 to 64,Europe
404,0.9661868342793796,50 to 64,America
405,1.5912670734811405,35 to 49,America
406,2.576643304392661,18 to 34,Asia Pacific
407,1.8023315990681263,18 to 34,America
408,1.6673728656799,35 to 49,Europe
409,2.0294341796352318,50 to 64,America
410,0.9767469997189914,50 to 64,America
411,1.51875568178093,18 to 34,America
412,0.8300318386750702,50 to 64,Asia Pacific
413,1.4761811471993123,50 to 64,America
414,1.1722280152643905,65 and older,America
415,1.3284042095406852,50 to 64,Asia Pacific
416,0.7789700549165581,18 to 34,America
417,2.534679090704932,35 to 49,America
418,2.3279998151705223,18 to 34,Europe
419,0.8289416967861669,35 to 49,America
420,0.7640833523938126,18 to 34,America
421,1.5927380352310476,35 to 49,Africa
422,2.76215816043865,18 to 34,Europe
423,1.6292003861524398,18 to 34,Europe
424,0.34285299033844363,18 to 34,America
425,1.695050481153374,50 to 64,Europe
426,1.275841259971004,35 to 49,America
427,1.914596932565513,35 to 49,Europe
428,2.0670351352803005,35 to 49,America
429,0.6965027940996813,35 to 49,Africa
430,1.7785938748865862,18 to 34,Europe
431,2.0935721024448783,18 to 34,America
432,2.3125235876209316,18 to 34,America
433,1.734736648459129,50 to 64,Europe
434,1.7074109211748176,35 to 49,America
435,2.298753163059791,35 to 49,Europe
436,1.3969317457907027,18 to 34,America
437,2.0176746837767774,35 to 49,Asia Pacific
438,2.261165138253921,18 to 34,Europe
439,1.236391281374142,18 to 34,America
440,0.8833534326471217,50 to 64,America
441,1.947945607328417,18 to 34,Asia Pacific
442,1.3815637475970926,18 to 34,Europe
443,0.8590238739074514,65 and older,Europe
444,1.6378437765189293,35 to 49,America
445,0.9253244974344845,35 to 49,America
446,1.535631956195512,50 to 64,Asia Pacific
447,2.2113402345361024,18 to 34,America
448,2.141880449606124,50 to 64,America
449,1.4739993334318438,50 to 64,Europe
450,0.43167038523409174,50 to 64,Asia Pacific
451,2.660367880718716,65 and older,America
452,1.658700188859003,35 to 49,America
453,1.602109082561397,50 to 64,America
454,2.559728556673585,35 to 49,America
455,1.4267926245404041,50 to 64,America
456,0.9228459144901491,18 to 34,America
457,2.556580363003887,35 to 49,America
458,2.4832476506642576,35 to 49,Europe
459,1.064085050304006,18 to 34,Asia Pacific
460,2.8802582173504265,18 to 34,America
461,1.8978385705537235,35 to 49,Europe
462,2.2714251344999234,18 to 34,Africa
463,2.4784053079253985,18 to 34,America
464,1.8542185999413199,18 to 34,America
465,1.378818215251007,50 to 64,Europe
466,1.3894199009821546,18 to 34,America
467,1.5570465726384148,35 to 49,America
468,1.4607320928968652,18 to 34,Europe
469,2.020254350442537,18 to 34,Europe
470,1.3359731223213192,50 to 64,Asia Pacific
471,1.822926768075215,18 to 34,America
472,0.9391416121195545,35 to 49,Africa
473,1.330515118205604,35 to 49,Europe
474,0.9270673979996548,35 to 49,America
475,1.8481549118208043,18 to 34,Europe
476,1.5785720010077031,18 to 34,Europe
477,2.3515943656930136,18 to 34,Asia Pacific
478,2.2719063216994435,18 to 34,America
479,1.7547671846550963,18 to 34,America
480,1.9644755164104897,18 to 34,America
481,0.9397360331448007,18 to 34,Europe
482,0.02087577041282529,50 to 64,Europe
483,2.2687806420231467,18 to 34,Europe
484,0.7875242930565883,18 to 34,America
485,1.9265207325859313,18 to 34,America
486,1.7899831379757336,35 to 49,Europe
487,0.906681601825331,18 to 34,America
488,1.6308727246031212,18 to 34,Asia Pacific
489,0.5278464332421022,18 to 34,Europe
490,1.0237877702677811,35 to 49,Europe
491,1.9717633796842398,18 to 34,Europe
492,1.7351477452638102,18 to 34,Europe
493,0.8915981851568798,50 to 64,America
494,2.0494850721654485,18 to 34,America
495,1.744323335296616,65 and older,Europe
496,0.8670642979127143,18 to 34,Europe
497,1.0876492845301207,35 to 49,Europe
498,0.610826240035065,35 to 49,America
499,2.016152558112291,50 to 64,Europe
500,1.2367811142237446,50 to 64,America
501,2.088735277954658,18 to 34,Europe
502,3.0330766299301715,50 to 64,Europe
503,1.0582048080221247,65 and older,America
504,2.15836444859588,50 to 64,America
505,2.487281474602156,18 to 34,America
506,2.118739629229265,50 to 64,America
507,1.1373060239856558,18 to 34,Europe
508,1.2549824921576362,18 to 34,Asia Pacific
509,1.4530313437762965,18 to 34,Africa
510,1.9550585981009723,35 to 49,America
511,1.2826880920254284,18 to 34,Asia Pacific
512,1.1163507706146145,18 to 34,America
513,1.6864811309467986,35 to 49,America
514,0.9890352767244331,50 to 64,America
515,2.137042592629271,50 to 64,Europe
516,0.7557119655885297,35 to 49,Europe
517,1.8961567158983939,50 to 64,America
518,3.2071906664817087,18 to 34,Europe
519,1.0084006925612077,18 to 34,America
520,2.358170602845229,35 to 49,America
521,2.2772534128440824,50 to 64,Asia Pacific
522,1.9320731057602594,50 to 64,Asia Pacific
523,1.651142724026576,50 to 64,Asia Pacific
524,1.122967948138205,18 to 34,Europe
525,2.657031531106624,50 to 64,America
526,2.419046171973792,50 to 64,Africa
527,1.4450177071086574,50 to 64,Europe
528,2.3823329565222333,35 to 49,Europe
529,1.262717724017543,18 to 34,Europe
530,1.2109688136159802,18 to 34,Europe
531,2.26946956978099,50 to 64,Africa
532,2.0096669292981235,35 to 49,Europe
533,1.7191640978805351,18 to 34,America
534,0.9587939156826435,35 to 49,Europe
535,1.8177066312418653,65 and older,Europe
536,1.6059820588241656,35 to 49,America
537,1.3322174536868747,50 to 64,Europe
538,1.1586929051162924,35 to 49,Europe
539,0.9229153292304478,18 to 34,Asia Pacific
540,1.9994415157549519,50 to 64,America
541,1.709486046244408,18 to 34,Asia Pacific
542,2.020790343922737,18 to 34,Europe
543,0.7843045564313306,18 to 34,Europe
544,0.8707631034519429,50 to 64,Europe
545,2.91257466733748,50 to 64,Africa
546,1.4691900513665181,18 to 34,Europe
547,2.2248014332094637,35 to 49,Asia Pacific
548,0.8357764736332453,50 to 64,America
549,1.8249840412988068,18 to 34,Asia Pacific
550,2.027459123491031,18 to 34,Europe
551,2.5210154700743654,50 to 64,Europe
552,2.080347930573768,18 to 34,America
553,1.8999598761177277,35 to 49,Europe
554,2.425025868157272,35 to 49,Asia Pacific
555,1.9969517672677828,35 to 49,America
556,1.1087968560108243,50 to 64,America
557,1.590305092807463,18 to 34,America
558,1.7268168878084496,18 to 34,Europe
559,2.4742874050470136,50 to 64,Europe
560,2.07345718839466,35 to 49,Europe
561,1.9237801733321378,50 to 64,America
562,2.2192909134840346,35 to 49,America
563,1.2076471028951592,50 to 64,America
564,0.7334148333382756,50 to 64,Europe
565,1.8366387756477804,35 to 49,Europe
566,2.445941343475665,35 to 49,Asia Pacific
567,1.3344194401190979,18 to 34,Africa
568,1.8266795880920081,18 to 34,Europe
569,2.114590982407887,50 to 64,Europe
570,0.40172759639104694,35 to 49,America
571,1.676905982886162,35 to 49,America
572,1.8928526819472316,35 to 49,America
573,1.2954678598642875,50 to 64,America
574,1.91620459066515,18 to 34,America
575,1.5451152905514087,18 to 34,America
576,2.045188555576189,35 to 49,Asia Pacific
577,2.398760943724562,35 to 49,America
578,1.8252932114397662,50 to 64,Europe
579,1.0653505538011352,18 to 34,America
580,2.4074504959313074,50 to 64,America
581,0.4807700668002153,35 to 49,Europe
582,1.1529701881561203,35 to 49,Asia Pacific
583,0.8010079248536776,18 to 34,Europe
584,1.9007316409764643,35 to 49,Europe
585,2.323378934090802,50 to 64,America
586,2.528621300152984,18 to 34,Africa
587,1.3201842124411853,18 to 34,Asia Pacific
588,1.0404167776111808,35 to 49,America
589,0.9871103821271313,50 to 64,Asia Pacific
590,1.8902106414428832,50 to 64,Europe
591,1.7903222241602847,65 and older,Europe
592,0.4511336523078413,35 to 49,Europe
593,2.8797957915664107,18 to 34,America
594,0.9523715924695358,35 to 49,America
595,1.5062065368397601,18 to 34,Europe
596,2.0759257014966166,35 to 49,Asia Pacific
597,2.0588056846165244,18 to 34,Europe
598,2.441994608725322,18 to 34,Asia Pacific
599,1.1991055750644632,50 to 64,America
600,1.9541745551040297,65 and older,Asia Pacific
601,2.135696078842993,65 and older,America
602,1.364693038827955,35 to 49,America
603,1.5188374054127967,18 to 34,Europe
604,1.879391082393377,50 to 64,Africa
605,0.33106222420910547,65 and older,Europe
606,2.0590269329615905,35 to 49,Asia Pacific
607,2.703035094796833,35 to 49,America
608,1.3139958700739351,18 to 34,America
609,1.9382069402134094,35 to 49,Europe
610,1.4104190172783277,35 to 49,Europe
611,0.7958103470213935,18 to 34,Europe
612,1.3096759306955716,35 to 49,Europe
613,1.3664819149547682,50 to 64,Europe
614,1.6893088510199012,35 to 49,Europe
615,1.8900597159013284,18 to 34,America
616,1.3772003062960396,18 to 34,Asia Pacific
617,0.9838642187078912,50 to 64,America
618,1.024451660844613,35 to 49,Europe
619,0.8723076604155652,18 to 34,America
620,2.4997610659581713,65 and older,Europe
621,0.5941362193703161,50 to 64,America
622,1.5383322971880975,18 to 34,Asia Pacific
623,1.6450394743563452,18 to 34,America
624,1.294257079225981,18 to 34,America
625,2.653234831401714,18 to 34,Africa
626,1.4224642949660458,50 to 64,Asia Pacific
627,1.562819882438171,35 to 49,Asia Pacific
628,1.6684828124503948,18 to 34,America
629,1.646085207426501,18 to 34,America
630,1.65573713352198,65 and older,Europe
631,1.1011178730372437,35 to 49,America
632,1.605249177101216,50 to 64,Asia Pacific
633,2.3501412069577126,65 and older,Europe
634,1.5755109798811378,18 to 34,Europe
635,0.6668008090642479,18 to 34,Asia Pacific
636,0.8823192874442178,50 to 64,America
637,1.38434763812393,18 to 34,Asia Pacific
638,1.4667271240350181,35 to 49,Europe
639,2.1590280158274124,50 to 64,Africa
640,2.1474551566635167,18 to 34,America
641,2.264254406918437,18 to 34,Europe
642,1.5275403048264975,18 to 34,America
643,1.2631097450984148,18 to 34,America
644,1.207711265937029,50 to 64,Europe
645,1.775606980553963,18 to 34,Europe
646,1.2417742953256918,18 to 34,Africa
647,2.161959388403374,65 and older,America
648,1.4889286382761315,50 to 64,Europe
649,1.5979596083516414,50 to 64,Europe
650,1.9532642975991141,65 and older,America
651,2.353450715945864,50 to 64,America
652,2.0116666032960056,35 to 49,Asia Pacific
653,1.9152855381519658,50 to 64,Asia Pacific
654,1.0629203202430326,35 to 49,Europe
655,1.4180769910708855,50 to 64,Europe
656,1.7325139205989726,18 to 34,America
657,1.6115298001946565,35 to 49,Europe
658,1.3646001739421765,18 to 34,Asia Pacific
659,1.1779614993378957,35 to 49,Europe
660,2.264611079594806,35 to 49,Europe
661,1.4553531867032488,35 to 49,America
662,1.8289904484599995,50 to 64,Asia Pacific
663,2.156050132483836,35 to 49,Europe
664,1.1601085163147846,18 to 34,Asia Pacific
665,1.9271504285116154,65 and older,Europe
666,3.3029273743195118,50 to 64,Asia Pacific
667,1.0689815158663696,35 to 49,Europe
668,1.4993697829069679,35 to 49,America
669,2.530599617737292,35 to 49,Europe
670,1.7353477575891694,18 to 34,Africa
671,2.4961410016913943,18 to 34,America
672,1.7318833037667973,35 to 49,America
673,1.7914783449112088,50 to 64,America
674,0.49848109849095246,18 to 34,Asia Pacific
675,2.8020035564757437,35 to 49,Asia Pacific
676,1.605541386474305,50 to 64,America
677,1.3472611288067455,35 to 49,America
678,1.811452973728843,35 to 49,Asia Pacific
679,1.8887268154260495,18 to 34,Asia Pacific
680,2.3744010860214293,35 to 49,Asia Pacific
681,1.8343371007891756,18 to 34,Africa
682,0.5356922066389054,35 to 49,America
683,1.9647601798029783,35 to 49,America
684,2.319498777133404,35 to 49,Europe
685,1.022726817364568,18 to 34,America
686,1.8673501903874041,35 to 49,Europe
687,0.868446516297128,35 to 49,Europe
688,1.380276386867126,18 to 34,Europe
689,2.0249723675554736,50 to 64,Europe
690,2.366314749252565,35 to 49,America
691,0.6559022616157604,50 to 64,America
692,1.5801464631180366,50 to 64,Asia Pacific
693,2.3404472799162823,35 to 49,America
694,2.4311900588990625,50 to 64,America
695,2.429474323731797,35 to 49,America
696,2.558364333164793,18 to 34,America
697,1.423607722818652,50 to 64,America
698,1.7863227753956992,50 to 64,Europe
699,2.4398785949848913,18 to 34,Europe
700,1.4889220569356394,35 to 49,America
701,2.069522067243309,35 to 49,Europe
702,2.3761768492630684,35 to 49,Asia Pacific
703,0.8807690282670078,50 to 64,America
704,0.7692785393039574,50 to 64,Europe
705,2.2354214797599283,18 to 34,Europe
706,1.295321748203144,18 to 34,Europe
707,1.702868923223511,50 to 64,Europe
708,2.248071810347196,18 to 34,Asia Pacific
709,1.167593076398693,35 to 49,Europe
710,1.825380473281692,18 to 34,Europe
711,1.037431078288931,18 to 34,America
712,0.7353824520816605,18 to 34,Europe
713,0.98147275705937,18 to 34,America
714,2.3864529374020496,18 to 34,Asia Pacific
715,2.6903492525400554,50 to 64,America
716,1.2624094590161372,50 to 64,Europe
717,2.2636422971870895,35 to 49,Europe
718,1.500605436067463,50 to 64,Europe
719,1.7023672311749503,50 to 64,America
720,2.40646995836044,50 to 64,America
721,1.6032063106297483,35 to 49,Europe
722,1.056098722606702,35 to 49,Europe
723,2.004132941547809,35 to 49,Europe
724,1.3468128327329312,18 to 34,Europe
725,2.3715705074481344,18 to 34,Europe
726,1.542364661114847,18 to 34,America
727,0.9984540180078998,18 to 34,America
728,1.5881335750910388,35 to 49,America
729,1.266527871264894,18 to 34,Asia Pacific
730,2.000559318294099,18 to 34,Europe
731,2.2803063554532166,18 to 34,America
732,1.4417344394273992,18 to 34,Europe
733,2.0870542938325927,18 to 34,America
734,2.0209630560998955,50 to 64,America
735,2.277427392286813,18 to 34,Europe
736,1.4031469249995254,35 to 49,America
737,1.0473957920648966,35 to 49,Asia Pacific
738,2.2663400136014022,18 to 34,Asia Pacific
739,3.338280970358592,35 to 49,Asia Pacific
740,2.0102634389672698,35 to 49,America
741,1.315511167681457,50 to 64,Asia Pacific
742,1.363490896621983,50 to 64,Europe
743,1.532177925084289,50 to 64,Europe
744,1.7616499256260303,50 to 64,Africa
745,0.8562034663051827,18 to 34,Asia Pacific
746,2.039216822776758,18 to 34,America
747,1.5642874857375515,35 to 49,Asia Pacific
748,2.19998275444906,18 to 34,Europe
749,1.1120867226348135,50 to 64,Europe
750,1.9534134399219,18 to 34,America
751,1.871986982686833,35 to 49,Europe
752,2.126455707039438,18 to 34,Europe
753,1.9092455200766376,18 to 34,America
754,2.277374337611069,18 to 34,Europe
755,1.858551870640536,18 to 34,America
756,2.9474126958702076,18 to 34,America
757,2.175940527458926,35 to 49,America
758,0.31595756608190384,18 to 34,Asia Pacific
759,1.981984782273265,50 to 64,Europe
760,1.8226779009068141,50 to 64,America
761,2.02863337486482,18 to 34,America
762,1.3860166410755326,50 to 64,Europe
763,2.171654773679658,35 to 49,America
764,0.20835275081272941,18 to 34,Europe
765,2.033204797328366,18 to 34,America
766,1.0644422547148387,35 to 49,Europe
767,1.3463842777311963,35 to 49,America
768,0.9574702050511775,35 to 49,Europe
769,1.534653980567063,35 to 49,America
770,1.8366214837999228,35 to 49,Asia Pacific
771,1.8430419474747266,35 to 49,Asia Pacific
772,1.6404211387004866,35 to 49,America
773,0.8380822173852649,18 to 34,America
774,2.041024708604909,18 to 34,America
775,1.4610885121494719,18 to 34,Europe
776,1.2577643321851637,18 to 34,Europe
777,0.8685007182930808,18 to 34,Europe
778,2.7390994624820046,50 to 64,America
779,1.0365621244115673,35 to 49,Asia Pacific
780,1.7721250166566962,35 to 49,Asia Pacific
781,1.6330669873994248,50 to 64,America
782,1.7454730962947316,18 to 34,America
783,0.8338851420881352,18 to 34,America
784,0.7854102651725379,65 and older,Africa
785,1.8461518370277685,18 to 34,Europe
786,2.101641495867342,65 and older,America
787,1.8620249022841988,35 to 49,America
788,2.00062743935045,18 to 34,Europe
789,1.5000224488254523,50 to 64,Europe
790,2.5042623554233487,35 to 49,America
791,2.231346392277152,18 to 34,America
792,1.6060389749773156,18 to 34,America
793,2.0077269351259357,18 to 34,Asia Pacific
794,1.9215114326364908,35 to 49,America
795,1.2434338080079699,50 to 64,America
796,1.5647651243801723,18 to 34,Europe
797,0.18479766875830816,50 to 64,America
798,1.5368505880698993,18 to 34,Africa
799,2.221331096878879,50 to 64,America
800,1.4015122467578793,35 to 49,Europe
801,1.8962693053578303,18 to 34,America
802,1.9472645307180718,35 to 49,Europe
803,1.4126519957519568,65 and older,Europe
804,1.025164281510608,18 to 34,Europe
805,1.5918323741140212,18 to 34,America
806,2.338149234823308,50 to 64,Europe
807,0.6341083822123565,18 to 34,Europe
808,1.6742272167711225,35 to 49,Europe
809,1.1381766065203418,18 to 34,Europe
810,1.4372548858891783,50 to 64,Europe
811,1.8548219671685735,18 to 34,Africa
812,1.064776832466292,50 to 64,America
813,1.092037110957086,18 to 34,America
814,1.2436932517953838,35 to 49,America
815,2.0731822344800124,35 to 49,Africa
816,1.448356136697476,18 to 34,Asia Pacific
817,3.1603504102696585,50 to 64,Europe
818,1.6153539061522877,50 to 64,Europe
819,0.7579079812585391,35 to 49,America
820,0.8555585485730975,35 to 49,America
821,1.349984157814742,50 to 64,Europe
822,1.046006927292935,35 to 49,America
823,2.0435700124723666,35 to 49,Europe
824,1.1638068942002433,18 to 34,Europe
825,1.3202589665354514,50 to 64,America
826,2.1683012579518883,18 to 34,Asia Pacific
827,2.0484405782887474,35 to 49,America
828,1.7291357599047543,35 to 49,America
829,2.999338678503088,35 to 49,America
830,1.9213724777349082,18 to 34,America
831,0.5664584386978304,35 to 49,America
832,1.8356727659231695,35 to 49,Europe
833,2.343411296743038,18 to 34,Europe
834,1.7568436488624755,18 to 34,Europe
835,1.3794681440824608,35 to 49,Asia Pacific
836,1.0671065483763955,18 to 34,America
837,0.9068290012094377,50 to 64,America
838,2.2068391493263317,18 to 34,America
839,1.9527528093416542,65 and older,Europe
840,2.030886855882173,18 to 34,Africa
841,1.119263477905495,35 to 49,Europe
842,1.79131412008942,18 to 34,Europe
843,2.7032223679406653,35 to 49,Europe
844,1.3592374378423118,50 to 64,America
845,1.7915153056539042,35 to 49,America
846,2.2673229083388304,18 to 34,America
847,1.877638842314266,18 to 34,America
848,1.1296716996180431,65 and older,America
849,2.225143149477832,35 to 49,Europe
850,0.7438820029547826,50 to 64,Asia Pacific
851,2.0324729675206235,18 to 34,Europe
852,1.6340422405138293,18 to 34,Europe
853,0.8151134597892589,18 to 34,Europe
854,0.6587198619576144,50 to 64,Asia Pacific
855,1.1272092768537245,50 to 64,Asia Pacific
856,2.0567768456906452,18 to 34,Asia Pacific
857,1.7526534074153979,50 to 64,America
858,2.292991565126377,18 to 34,Europe
859,0.908884495789026,35 to 49,Europe
860,1.7732222118276935,50 to 64,Europe
861,1.8932011972934684,50 to 64,America
862,0.8945737630792746,18 to 34,America
863,2.1981175994486697,18 to 34,Europe
864,1.5840571020545111,35 to 49,Europe
865,2.775347058404381,35 to 49,Asia Pacific
866,0.7820439346550073,35 to 49,Europe
867,1.6296363120181123,50 to 64,Europe
868,2.0237999633103843,18 to 34,Europe
869,2.0122638997213422,35 to 49,America
870,1.9715935428648472,35 to 49,Europe
871,1.774991446280941,35 to 49,Asia Pacific
872,1.413811413386279,65 and older,Europe
873,2.0645669569193466,18 to 34,America
874,2.3309063541679915,35 to 49,Europe
875,1.3539447650484897,18 to 34,America
876,1.513798534696658,35 to 49,America
877,1.7946694935386924,35 to 49,America
878,1.7539653885244677,18 to 34,Europe
879,2.192083585934367,18 to 34,America
880,2.785166849427846,35 to 49,America
881,1.9084464168488768,50 to 64,Europe
882,1.2001006863114507,35 to 49,Asia Pacific
883,1.3537513580352984,35 to 49,America
884,2.299453067706856,18 to 34,Europe
885,2.221460475003506,18 to 34,America
886,1.3200222591079158,18 to 34,America
887,2.1741656292860587,50 to 64,Asia Pacific
888,2.796835334926831,50 to 64,America
889,2.16783872142468,35 to 49,America
890,1.8843048655270664,65 and older,America
891,1.7970041795632457,18 to 34,Europe
892,0.7256941820660044,50 to 64,Asia Pacific
893,2.5839230182072304,35 to 49,Asia Pacific
894,1.892371585328417,35 to 49,Africa
895,0.7918861794430542,50 to 64,America
896,1.118727321758437,18 to 34,Europe
897,1.872897241637165,50 to 64,America
898,1.7963380025124456,35 to 49,America
899,1.2478030245713447,65 and older,Europe
900,1.4965433766702978,18 to 34,Europe
901,0.7317825867688,35 to 49,America
902,2.4393775375938045,50 to 64,America
903,1.7606494533295618,50 to 64,Europe
904,2.5823200050633277,50 to 64,Europe
905,1.8885986382339202,65 and older,Europe
906,2.0008033184550102,50 to 64,Europe
907,1.3823862849100101,18 to 34,Europe
908,1.1132016216625842,18 to 34,Europe
909,1.5574701065570136,35 to 49,Asia Pacific
910,2.677585804931153,50 to 64,Europe
911,1.8196422530663985,35 to 49,Asia Pacific
912,1.2468773069914767,18 to 34,America
913,1.426782639814258,35 to 49,America
914,0.8877168405185393,35 to 49,Europe
915,1.4161610541900038,18 to 34,Europe
916,1.0692599404173586,18 to 34,Europe
917,2.412040421286743,18 to 34,Asia Pacific
918,0.31888899849741525,35 to 49,America
919,1.575869132608521,35 to 49,America
920,2.627581383807442,50 to 64,Europe
921,3.243349097932445,50 to 64,America
922,1.7733078488837049,18 to 34,Europe
923,1.1746041199144663,18 to 34,America
924,1.6767716516130013,18 to 34,Asia Pacific
925,2.259152346061675,18 to 34,America
926,1.1827885475915507,18 to 34,Europe
927,2.9345789439433014,18 to 34,Europe
928,2.881806025387803,18 to 34,America
929,1.325483325604756,35 to 49,Europe
930,2.5986418513506084,35 to 49,Asia Pacific
931,1.5423928886722855,50 to 64,America
932,0.6039445448541723,50 to 64,America
933,0.99816144261452,50 to 64,America
934,1.4477025286232856,18 to 34,Europe
935,1.937723680262427,18 to 34,Asia Pacific
936,1.5832096113286769,35 to 49,Africa
937,2.1611829679784376,18 to 34,America
938,1.7968010810907493,18 to 34,America
939,1.5158503773345302,35 to 49,America
940,1.5094720811456388,35 to 49,Europe
941,1.8673147709075084,18 to 34,America
942,0.8319549612868323,50 to 64,Europe
943,1.9311823571286673,50 to 64,America
944,2.0484412207919886,50 to 64,Europe
945,1.0211773926401402,35 to 49,Asia Pacific
946,1.5845629973727502,18 to 34,America
947,1.369601352103232,35 to 49,America
948,1.3609989901515052,18 to 34,America
949,1.9833435497388603,50 to 64,America
950,2.3357322076962106,35 to 49,Asia Pacific
951,1.7422122392374817,50 to 64,America
952,1.4530919702517753,18 to 34,Europe
953,2.000304999235177,35 to 49,America
954,1.681190319285163,18 to 34,America
955,2.667449592838648,18 to 34,America
956,1.7146006425814813,18 to 34,Europe
957,1.6686116153728416,18 to 34,America
958,1.1417230338043292,35 to 49,America
959,1.3583282264009977,50 to 64,America
960,1.3654892329776365,50 to 64,Asia Pacific
961,1.1096431134713942,35 to 49,Europe
962,2.987038264421766,50 to 64,America
963,1.0385333841723712,35 to 49,America
964,0.6013500726235914,18 to 34,America
965,1.5798744406007428,35 to 49,America
966,0.5553588765003694,35 to 49,Europe
967,3.50607716232968,18 to 34,Asia Pacific
968,0.775458146114229,35 to 49,America
969,1.6840319873743221,18 to 34,America
970,1.2318337921397986,18 to 34,Europe
971,2.36384066786043,50 to 64,America
972,1.1430297181019236,18 to 34,Asia Pacific
973,2.0277424468265353,50 to 64,Europe
974,1.9896036737902367,35 to 49,Asia Pacific
975,1.3527700174896407,18 to 34,America
976,1.6856116296208026,50 to 64,Europe
977,2.1856760192548688,35 to 49,America
978,1.9766753469187992,50 to 64,Europe
979,1.3237794553228568,50 to 64,Asia Pacific
980,1.980468083114087,18 to 34,Europe
981,0.003966716090147093,50 to 64,America
982,2.072037560365307,18 to 34,Europe
983,2.525811014405968,50 to 64,Europe
984,2.443293965316359,50 to 64,America
985,1.590410430430429,50 to 64,Europe
986,1.4317066821404945,35 to 49,Europe
987,2.765112851067488,18 to 34,America
988,1.6112385894333192,35 to 49,Europe
989,1.5857793021573892,18 to 34,America
990,2.130417499013893,65 and older,Asia Pacific
991,2.2389226784634086,18 to 34,Asia Pacific
992,1.8269100494366295,18 to 34,America
993,2.251767574743003,50 to 64,Europe
994,1.308670524082733,65 and older,Asia Pacific
995,1.760033975733553,18 to 34,Europe
996,1.2000987264516678,18 to 34,Europe
997,0.3990355103997141,18 to 34,America
998,1.932088567442708,50 to 64,Asia Pacific
999,1.898451819134252,50 to 64,Europe
1000,2.3666788798979854,50 to 64,America
